,time,x0,x0 err,y0,y0 err,r,r err
0,356.5,-0.007773635647735366,0.03353429376288567,0.0767592184677618,0.04763676979514145,0.2717005998435223,0.024782543584460227
1,357.0,0.03960457858495703,0.020147976310999918,-0.011465234597509925,0.03242007058647994,0.25970901375144667,0.014361511998098509
2,357.5,0.004742087112107218,0.01337320072507199,0.05189045362994972,0.02260978953964528,0.2699276313141954,0.011961276043649846
3,358.0,0.03887644864668027,0.013754338048279274,-0.020088730383498156,0.021013005608773647,0.282666697709916,0.012975898096825466
4,358.5,0.029205117254017643,0.008538749403790067,-0.005472573842821443,0.026209288922643223,0.29504996360645447,0.008629870644635069
5,359.0,0.03994405010611801,0.016666179736016393,0.009465966283698753,0.017324180223752084,0.28512171568070865,0.015841988690050404
6,359.5,0.02436165002889723,0.012069415657273314,-0.013111864503782149,0.03439604544096944,0.29090443562536145,0.01156797447954022
7,360.0,0.041302670141788456,0.013332625200339648,0.018237988682085926,0.040258963711430645,0.2826825109930933,0.013470974313040248
8,362.0,0.04486741805838501,0.015671148623462146,0.02260926344539524,0.029218325157581354,0.2804932199519971,0.015474005929986686
9,362.5,0.03859596641539986,0.00775803837637145,0.04875651128585174,0.014947410234689321,0.2780234860557566,0.007353337059498067
10,363.0,0.04546053207478018,0.005788197850860011,0.032644064881364815,0.014440012883729049,0.27569500443622286,0.005333087231509757
11,363.5,0.03924927689642066,0.01088404894773672,0.03840501410711423,0.02895073845682767,0.2757644246097055,0.012119442409579186
12,364.0,0.04304626463706074,0.011513641003240118,0.017885249249560507,0.02624643217332546,0.2786442493233465,0.01099718114254464
13,364.5,0.038163941856685035,0.012157106045274169,0.011154659789118648,0.022739918993355635,0.28756584293853094,0.012184533049274476
14,365.0,0.013368038198856458,0.02055946782113619,0.006130895501141314,0.023193002991820942,0.27271480755249106,0.01841820008898973
15,365.5,0.03558313003622937,0.01056282308381508,-0.01734812472156847,0.026929782875474075,0.2877577407567926,0.010327970335847049
16,366.0,0.022973918974484198,0.010888053888115649,0.0031355029537264586,0.01298519206982092,0.2659391847009613,0.007703010912589296
17,366.5,0.027700637208699863,0.00812832858446594,0.02727163206222121,0.014658163932748967,0.29322603015355914,0.007257852927484694
18,367.0,0.007937894876787088,0.010353032402500571,0.035291990770264244,0.0171755233348924,0.2725402386104597,0.009148199509646668
19,367.5,0.031307626059437044,0.01313322097532828,0.0033895608686904423,0.02777514303039953,0.2891243592202379,0.010861935288223965
20,368.0,0.007722672835341671,0.009682278526035938,0.010044876495723084,0.01921416552599798,0.2742920871995904,0.008857176920868149
21,368.5,0.0028858845059041016,0.01248373776585817,0.03967157403913392,0.03308132075915885,0.2757500706647239,0.010421720858393345
22,369.0,0.02239410964271038,0.014347231935711836,0.00828177710529603,0.025548339524320795,0.27423113091020285,0.010299293721273672
23,369.5,0.01260026031905026,0.014266270884690365,0.04741122001469511,0.03367387211731883,0.2580167524823543,0.012499984783442778
24,370.0,0.013159038185750038,0.009203682231236722,0.011774682699526952,0.01649190354530625,0.2768867129876527,0.0077456013046239055
25,370.5,0.018443863750187806,0.010081679274202626,0.022593850035779697,0.021987920480482457,0.29435972289914697,0.006858317939334714
26,371.0,0.022212776656757915,0.009414259443031535,0.033077599181635275,0.018691795284499952,0.2898711153255831,0.007882513658185812
27,371.5,0.02300715777305251,0.009273156218879685,0.03649354280578546,0.019880236437103266,0.29054733969380275,0.007313435430426561
28,372.0,0.02721864142290309,0.010725412794207785,0.044068971967664475,0.013205407822805,0.29070600913367367,0.008874677042285636
29,372.5,0.03483019194041981,0.019740275480787158,0.04410515014407044,0.022032588389855785,0.28253638805298636,0.016334871057962257
30,373.0,0.044743203578415436,0.020567604161646543,0.016052961929536074,0.04548939745778915,0.26780086314843043,0.019216678317129053
31,373.5,0.05089962480589616,0.01047956001505095,0.0025186103207577993,0.023724192209834887,0.27497580665136856,0.01006531710830947
32,374.0,0.007633035157659007,0.059082643678018916,0.005590725033625914,0.05697690076444648,0.31271717608567323,0.05555555526169562
33,377.0,0.019305942144762334,0.011037051243780868,-0.02043798780410968,0.017938888538549767,0.26875151406375325,0.009343225632427858
34,377.5,0.002650633558627269,0.009967751088566897,0.00352272346382341,0.026621028052027363,0.2694834735060637,0.009304366299946014
35,378.0,0.005239309805440406,0.011736287717386851,0.05371441642025533,0.018961998335970752,0.2668471875629865,0.010246355346354652
36,378.5,-0.018660107182736585,0.017335267466320414,0.04932982579107901,0.054145693456919865,0.259592502540527,0.013069402943929748
37,379.0,-0.012976750760017475,0.011302632542918313,0.017905672423262183,0.023822608461153826,0.2702693959805934,0.010315937479692136
38,379.5,-0.0056398763691254405,0.013104688135758455,0.013023960438675482,0.031601496812757306,0.26147867391537316,0.01153004432128251
39,380.0,-0.020898164034292455,0.011050035449568632,0.010422228859982022,0.026846279713480005,0.2772178685538548,0.010833409487978216
40,380.5,-0.009798132317399344,0.04452565075224733,0.007959585189002296,0.03673335915107464,0.25761484884108815,0.040490965992921436
41,381.0,-0.02249141177678271,0.022182745257028263,0.03410515284801627,0.04450994207635334,0.2766567178442693,0.02211041598250121
42,381.5,-0.021988060913887053,0.024806221858547615,-0.0008628912527311673,0.02279589992551338,0.2733637029889941,0.021404523975590693
43,382.0,-0.038354295589790754,0.040534398245822854,0.07725486944088779,0.06412562887695664,0.3079499044367337,0.04787001278133586
44,382.5,-0.016954765216543155,0.014858172683840501,0.05445312041719761,0.032536791928098684,0.2840962807580869,0.01873110443818107
45,383.0,-0.008493341637498264,0.013595009020587679,0.01461280663219014,0.0236709063410295,0.26134371386766947,0.012613049228820662
46,383.5,-0.015131715482526342,0.013021069278796139,0.05262154551316242,0.02187067200631764,0.2723008567640258,0.011980762436935114
47,384.0,-0.03595460923588223,0.04509248767735021,0.044564399173346286,0.04103640843647025,0.2957844225376445,0.04243797328276152
48,384.5,0.0053395272863533405,0.037600677373820626,-0.02155788320531101,0.06698728390140354,0.24941983282686195,0.03360541376537871
49,385.0,-0.005152739890761149,0.01771345504350749,-0.028326581103688023,0.026974565403474923,0.2834423981645032,0.013397936791102065
50,385.5,-0.014781156520125127,0.022410755244385388,0.025257059144582327,0.03199607545154321,0.2695280780615943,0.022085989790714244
51,386.0,0.009803748804566803,0.012693903431919866,0.04890367016740821,0.03263054312950113,0.2796744211824706,0.009655731152996436
52,386.5,0.019688262889284602,0.011608146561948654,0.028810248084204907,0.028112128943093815,0.24910420031089658,0.013397075876911347
53,387.0,-0.0003922534190978766,0.010506944622108437,0.058818842433359955,0.019323580178977895,0.27553909553342326,0.009049997931559584
54,387.5,0.022018578057513727,0.009813305074932863,0.020655551967973133,0.01866994678992657,0.26387014352993904,0.009132228779604472
55,388.0,-0.007120941455887375,0.015383314582887286,0.02499586178937845,0.04920271558237727,0.2609108218450832,0.01754718597977657
56,388.5,0.024005807537979096,0.022533459824276156,0.02978430473126464,0.031288500240155066,0.255044425265122,0.01235370079270845
57,389.0,0.03324908361161727,0.011695330516625614,0.012390140098800963,0.020278236269753502,0.2556708675026367,0.010977181966059417
58,389.5,0.028096999740185424,0.01399866130507201,0.027210017341192914,0.02698165951053152,0.2577199253850367,0.01199444917055427
59,390.0,0.045828740628412024,0.010167179894779823,0.010681725727277002,0.02119549257730523,0.26762768473168846,0.00911920897259894
60,390.5,0.006964597373236625,0.018120652490443933,0.049583551401415266,0.020696819416529295,0.2656137744430187,0.015963313098773215
61,391.0,0.02662615088138176,0.013790445079707203,0.010881793980044288,0.023415133885290654,0.246172178942806,0.011658992968768845
62,391.5,0.039155128862538136,0.017105352573903974,0.016267828965201334,0.026987458318224668,0.25905337153986563,0.011669169042662781
63,392.0,0.020008860254402294,0.014255677860872208,0.023350534667471837,0.032759327841438486,0.2505266452684013,0.015435060782360241
64,392.5,0.021631760149916968,0.016167646609360452,-0.0053171712318458774,0.04709746454281382,0.24176256055717024,0.016528311251882255
65,393.0,0.019788316676962903,0.015597754771063288,-0.00282256182598987,0.01729555822447128,0.2607792800212964,0.012977004319459667
66,393.5,0.01956697269145624,0.014080096894608703,-0.004622317304212259,0.01979543479760468,0.25505996882797916,0.011960643020809854
67,394.0,0.02156154528128451,0.019101340428795723,0.013928452894565818,0.024740850242145906,0.2617489034154685,0.01790947745478711
68,394.5,0.04768134175699146,0.031293087211621766,1.5474647241921837e-05,0.03313949950926114,0.2567781563005686,0.023860333012197126
69,395.0,0.04181987269566312,0.019267307346819872,-0.01881626339536307,0.03399102569546898,0.24620125236730794,0.014988282581264896
70,395.5,0.03477192658998718,0.015215957034428811,0.016922736439918932,0.026770319287083805,0.25682577274455926,0.017132288639865694
71,396.0,0.026447310936848267,0.027377923147894737,0.02425793984253072,0.049309969434192774,0.25424393762809616,0.022996117642288257
72,396.5,0.013255252433162945,0.013782023624868495,-0.007156748207399934,0.03215433104402674,0.2797544451616611,0.013893038129983638
73,397.0,0.016379357359524227,0.013441068084155095,-0.00951163931479887,0.045687772055581576,0.23864929174353802,0.012183065288484049
74,397.5,0.029952841192705693,0.01211574177980296,-0.001436907822523438,0.017609489432672983,0.26745052537867914,0.010367001565523844
75,398.0,0.03623934634438497,0.018613145865655975,0.015160512347458487,0.030854578948085784,0.25590345601717773,0.01616791838974566
76,398.5,0.04458613699239744,0.017339821618647677,0.029084280095160793,0.027535617961759157,0.27188435548536916,0.01145667418954591
77,399.0,0.010233784744055563,0.018140497617117904,0.054116629391006386,0.025857609479307608,0.25888930953258626,0.015129065699579792
78,399.5,0.03162894715652809,0.013699097433217249,0.001808946056683893,0.024633054732940737,0.25931013579722095,0.012061491252147451
79,400.0,0.047100334690064694,0.014658114175551096,0.02246989648532438,0.034834998920052145,0.269322131176881,0.019241246530757577
80,400.5,0.01523840939741905,0.010857275242905182,0.039256416703157035,0.02058973167941351,0.25402769165535083,0.009295531141940658
81,401.0,0.03351011660530545,0.02217349748765202,0.0007899116479664072,0.050436253375063266,0.24541540684168456,0.020604400834333552
82,401.5,0.03005293548698429,0.015138516039286336,0.001458038462967038,0.02859738822576142,0.25005658794907754,0.01390234883268399
83,402.0,0.021912534062843658,0.01482524407718211,0.03704083037455843,0.023385380530509245,0.2581603556800841,0.01051587901498285
84,402.5,0.036401223556300155,0.011509156669146377,0.009241810241719805,0.022520019488134833,0.2765830679324164,0.010105808317236216
85,403.0,0.05025488240621312,0.015733473007141393,0.010866651167634066,0.03979183875261583,0.26944778400185865,0.017379409653583325
86,403.5,0.00020827083145202874,0.010754429468294425,0.04987112602671541,0.023556341557053113,0.2741252336836317,0.01064745002923109
87,404.0,0.0457965672584123,0.013483380260110821,0.025536163988363926,0.023456140639736684,0.2704830355018914,0.009902281603269994
88,404.5,0.04249946456686804,0.009567791672985899,0.001665052845617251,0.016469712967035876,0.26212957436016926,0.008582925421964503
89,405.0,0.01092902271083629,0.018201429668099633,-0.014958886102596037,0.029680783683369967,0.2734999831373843,0.016974179653381515
90,405.5,0.0341672187720069,0.013025302218856262,0.01356774830929945,0.029926332688371134,0.2531356488375428,0.009559423391957743
91,406.0,0.007075820572734148,0.012268643694540116,0.0390520695169116,0.016423828963688214,0.2689910713605848,0.010971676632232261
92,406.5,0.004768570092157254,0.021142699517357158,0.02270887703689408,0.033361694117797366,0.27731221403616524,0.01792712905989059
93,407.0,0.039989835929969075,0.025486484578681662,0.028508290527647473,0.042908608874075,0.2715768980871987,0.024380728309367293
94,407.5,0.03736735672501679,0.010311863974267138,0.02109232267814973,0.024044546342419124,0.2762738378992092,0.009573440050062594
95,408.0,0.03645921679694808,0.012771782147185511,0.04734148223114512,0.024981973492040652,0.27961776885465295,0.01132052952966123
96,408.5,0.04346655424284851,0.018918666908253386,0.015870077039069796,0.025985138180474293,0.2623977467967663,0.02124201597523476
97,409.0,0.04459667098774578,0.008293445118134388,0.03347518297772177,0.015423426290170933,0.2720207653447158,0.007348809208174822
98,409.5,0.0535221850338784,0.017060587713142925,0.0070568203525101245,0.03803095693473684,0.2655780824720342,0.015783267010432856
99,410.0,0.010342525944538328,0.024867794081816573,0.08918099078752917,0.03697524640370653,0.2832707907056734,0.0207185743841616
100,410.5,0.04584359394964932,0.01834893019159853,0.027952017388851308,0.0464437140428831,0.2694379268513114,0.015343671764814885
101,411.0,0.04825849006046046,0.013868946660530582,0.005608517703822272,0.029175623653904147,0.26355154914591633,0.012431633186488175
102,411.5,0.0408287030548955,0.02066827901401767,0.015975674098952317,0.028201334729059044,0.2603240111180125,0.014295220323997314
103,412.0,0.04547760495139197,0.017885196872744768,-0.010531984878109336,0.04025532319411426,0.26554462166691756,0.017255088135082974
104,412.5,0.04851853386199534,0.017678918446932573,0.04073386140511655,0.040832509859541316,0.27945211341494086,0.02061126076146579
105,413.0,0.0458032091499605,0.011975767103440465,0.01759456674814462,0.01940422703444213,0.2650472031181657,0.011246392153070375
106,413.5,0.02822498645703264,0.021878048077362017,0.020065541545871434,0.050059899181992586,0.29586545987910545,0.01982953539994936
107,414.0,0.04109554436287388,0.05647250507439159,0.024993781434671167,0.05335614673369967,0.2738414958421908,0.05347336513007824
108,414.5,0.03442573985994368,0.026893211637564324,0.019354790772879552,0.03619179832600193,0.2547750383086142,0.024450941131544213
109,415.0,0.039514256637511846,0.01695691117264073,0.017483953602251488,0.025108698959693344,0.2596035268072485,0.017258363408431458
110,415.5,0.04453875275352048,0.013503069336439218,-0.011771964658494977,0.02659172133957803,0.2745045354193179,0.012178707229733963
111,416.0,0.038483311403148424,0.01329538611711309,0.025050051567264094,0.026169096144923333,0.28521309914123677,0.011725279312176847
112,416.5,0.007498004180834128,0.020633838938381794,0.08056780085518475,0.03211204453785489,0.29544694329822896,0.01663252388043535
113,417.0,0.03952012220062484,0.016361523028812476,0.03637434481677585,0.02584761184305005,0.2819200150438625,0.015547534533878532
114,417.5,0.033442341850188906,0.026097716172032534,0.009063735437391553,0.04400810714819753,0.25033662415027846,0.024439215413095426
115,418.0,-0.023319396717649488,0.02293637808614008,0.03301268723569529,0.03014817353614836,0.2952916092170232,0.018612157313861413
116,418.5,0.026492964201609737,0.03930969611331213,0.007718665382855382,0.06417400944738043,0.24524291281726537,0.036614432999367015
117,419.0,0.046194699066992695,0.014960283711183136,-0.0009294924069583379,0.0331222842456186,0.27649351981292214,0.012659166053777184
118,419.5,0.011814803697245413,0.03854755021437177,-0.013696365070169433,0.05529513274756451,0.23953812626880966,0.029071147308673582
119,420.0,0.046170016395843616,0.018756465761594187,-0.010632558970265958,0.028306912194738902,0.2763645491431317,0.01574841335040409
120,420.5,0.05486185038007996,0.020111937731928445,0.010707236376587735,0.04273110959729729,0.2683910498560196,0.017654991318494268
121,421.0,0.05110864147192018,0.029790968568485683,-0.008624007268439308,0.0761601904738224,0.25774750088028303,0.04377206725470624
122,421.5,0.04312382338263665,0.009478973172090639,-0.005906648452636109,0.029371657441576684,0.2787288443208492,0.009313795017611414
123,422.0,0.014535454520861801,0.02234156597248197,0.04995794969145043,0.05388942226439293,0.2813660607038643,0.02717846791918608
124,422.5,0.0609975774396434,0.029768011237554664,-0.03553257807354946,0.07631123025816682,0.2519452962415881,0.02872328378866597
125,423.0,0.0270305249815046,0.015726452717473048,0.044403279446366704,0.027541101319144015,0.28730196207668524,0.014484547792134221
126,423.5,0.042950362931580055,0.017399080808715623,-0.019428592990079388,0.038078703790430386,0.2797864684658121,0.017028980174722638
127,424.0,0.03713804440174029,0.013531646670913904,-0.0032852711793531666,0.02659403443568839,0.28593073859124557,0.011442041133718321
128,424.5,0.03490410680431344,0.019970083705875764,0.02499218807250104,0.029921231203670583,0.26090241307051154,0.01463620502077427
129,425.0,0.03907896851087467,0.00891818745797238,0.021776516858953866,0.01800640246521104,0.28344991517604634,0.008414792247555557
130,425.5,0.03614980828580128,0.019127854418769175,0.03346061881514182,0.027275375024293988,0.28411066327791923,0.016249100174997096
131,426.0,0.019098408159438196,0.010732476976235309,0.05694867609549617,0.021498127138706066,0.29368348704142644,0.0084265030989505
132,426.5,0.03498058769917789,0.012415843507183357,0.012758033786865654,0.02655006953700575,0.2896619481986439,0.01180272805815961
133,427.0,0.0380313520151041,0.010716979312178186,0.04205757589872725,0.02090431801222817,0.27627688906434733,0.00927613266038351
134,427.5,0.04907156174465466,0.012811918473663189,0.011993142071095338,0.02863234846923134,0.2732375931503629,0.009843063550530076
135,428.0,0.0024514732993746735,0.01504761539463843,0.04853997421247901,0.0261602356213503,0.27963591951749744,0.011448901101919607
136,428.5,0.018104237673636225,0.01266427949297181,0.01850772281526105,0.0154174251537404,0.27299936704126543,0.010169189648682686
137,429.0,0.04194432988753105,0.010349225908361234,0.010907939458831511,0.0368913120389258,0.278232641617281,0.008898104810663332
138,429.5,0.009936092853769063,0.014431100111323748,0.014763608587729023,0.023008706583956172,0.2650838624448276,0.011277158180292977
139,430.0,0.027288393942248246,0.021498628524492677,0.01993005949340205,0.04648308101302823,0.24796214602759295,0.020917214648879478
140,430.5,0.02685556955673729,0.026862476594293118,0.009068658984806669,0.043839677705754955,0.24508251158310848,0.017985753324848905
141,431.0,0.02653380523999771,0.02851097830671493,0.01713363451330585,0.032913603767223944,0.2517407539940308,0.023233141944913115
142,431.5,0.0432529716116401,0.027213093507043904,-0.017748158945110868,0.07993070046582984,0.2710758325734814,0.024939907636782093
143,432.0,0.033500101489886136,0.03760270617516842,-0.00952359455198408,0.0458908676022495,0.241110942069591,0.02403387370140467
144,432.5,0.06487645131579023,0.01734453103308898,0.008282138933282321,0.03386841727192706,0.2832451257447864,0.015748080658489663
145,433.0,0.048021107558792187,0.015881522282731386,0.0056455373588547,0.025190018013963873,0.2779224188564634,0.0151328928319391
146,433.5,-0.020986302969085657,0.11061597839579686,0.005619592961454739,0.32048722724124906,0.19762247114885298,0.0837002089159459
147,434.0,0.03465845812641022,0.14372910026278676,0.009116747496073356,0.6668238221542342,0.2513429691708449,0.4051316311508648
148,434.5,0.03559581196644923,0.019583796459381363,-0.0037627898481577046,0.030883825260877535,0.2540867494318507,0.017584984908670397
149,435.0,0.03639720285282877,0.01570036826077662,-0.019545919905714,0.03523645133631071,0.25575278904138704,0.01445984153116592
150,435.5,0.030267707737019922,0.016322136862028137,-0.007259133193850479,0.04256909823053962,0.2488417074254207,0.01655903937289095
151,436.0,0.060375073395456,0.023222240074273256,-0.002711117177106833,0.054684759752427384,0.2799518746824529,0.021955186482341054
152,436.5,0.032430320207571306,0.01708138394870644,-0.0054560885715562195,0.048701113199091664,0.25208423022495263,0.01904880825575418
153,437.0,0.018265036795125922,0.015257103110955678,0.022972848990177357,0.04776326607216979,0.23779368649601762,0.015199165170295226
154,437.5,0.018558749153294807,0.028074511505737615,0.05625041894225575,0.08596423434127085,0.24264589627484845,0.026748217974446275
155,438.0,0.02050071828900335,0.015311674377343825,0.02945641963381646,0.024515149244488884,0.2525366047105217,0.012108738846296218
156,438.5,0.026508516286017803,0.031856060693995596,-0.0947308640633687,0.04098128485916599,0.2711929534294557,0.022617624140025005
157,439.0,0.09961039052087506,7.048651656072006,0.03827126025677388,3.548736127673036,0.3224383700416377,7.867867913104061
158,439.5,0.04881420711063644,0.029327707378225626,0.013761729174610044,0.07198746799920427,0.2657009613826444,0.01694079643641211
159,440.0,0.013565378835971309,0.01670921859475047,0.04139195039481609,0.04734307126036362,0.24846225420520784,0.019111234100536844
160,440.5,0.031180888115335148,0.024917143328510912,0.025281903937999815,0.054955722657744184,0.25009887562448574,0.02369046294358746
161,441.0,0.057624480581593085,0.05574576509855859,0.010867621230169362,0.09570034730328358,0.27285924592028743,0.027396981198033424
162,441.5,0.03791446895611317,0.0976438332405749,0.006966935007659382,0.1571179120486029,0.2528867417546406,0.03468702079749225
163,442.0,0.05680762256303573,0.015137331858750153,0.019246399654230667,0.023401814303636408,0.2759489039351373,0.014519665112823724
164,442.5,0.054416150442423206,0.02405927826067914,0.019982451995400528,0.02886702028789257,0.2737049162817978,0.01921783282307924
165,443.0,0.01634553096951441,0.015172325812125896,0.057349219429532076,0.033679826812069394,0.25883521965496076,0.012880866929657281
166,443.5,0.04100649855423821,0.021706208236333683,0.018704987853186614,0.06459077430384526,0.2606419812711682,0.01620507082718509
167,444.0,0.03798152349743433,0.02466642982719886,-0.0427860469051027,0.09518853732221061,0.2562070110230291,0.027722823344939116
168,444.5,0.010792264541091612,0.04927120771520995,0.09430977842362263,0.14272029263792246,0.25562661611215853,0.05263898492338884
169,445.0,0.05019659711212776,0.04895407405703846,0.02891564597135468,0.06366634766806949,0.27537755889815996,0.030849636712823637
170,445.5,0.024979391831365882,0.04696951612298686,0.013651540011556105,0.04667887991056704,0.24417894209258523,0.04147016632175977
171,446.0,0.05100266248383811,0.021822164035646036,0.010299997435591469,0.06144006800837771,0.27020837640739176,0.020463925098762114
172,446.5,0.03248082617152215,0.013160423388341426,0.025590184940555847,0.03765403521078039,0.2519110054690213,0.012517950515701542
173,447.0,0.02331160834301471,0.05620566512789162,0.028344613484462426,0.11994525867078677,0.2482493771905476,0.030826448514162143
174,447.5,0.046263208391384314,0.03048883608189405,0.011956052968059492,0.05749560075131189,0.26462645516630656,0.029020695350618065
175,448.0,0.06372722261037678,0.014541133783931924,0.017288807240383598,0.03117011867826021,0.2806533969813349,0.016022647586070162
176,448.5,0.03089578245607738,0.02651332198666015,0.017304570155829088,0.03088682329913188,0.2542053310847897,0.014124922870032293
177,449.0,0.04535144616579745,0.01599786248175295,0.012809058847767119,0.048083086080472445,0.2815292385605822,0.015387010666958403
